INSTNM,CITY,STABBR,INSTURL,CONTROL,REGION,LOCALE,LATITUDE,LONGITUDE,CCBASIC,CCSIZSET,ADM_RATE,SATVRMID,SATMTMID,SATWRMID,ACTCMMID,ACTENMID,ACTMTMID,ACTWRMID,SAT_AVG,COSTT4_A,TUITIONFEE_IN,TUITIONFEE_OUT,RET_FT4,MN_EARN_WNE_P10,MN_EARN_WNE_P6,MN_EARN_WNE_P7,MN_EARN_WNE_P8,MN_EARN_WNE_P9,UGDS_MEN,UGDS_WOMEN
The Baptist College of Florida,Graceville,FL,www.baptistcollege.edu,2,5,32,30.956401,-85.519033,24,7,0.5556,545,465,NULL,20,23,22,NULL,962,16788,9700,9700,0.7209,35100,27100,27400,29600,34100,0.6256,0.3744
Barry University,Miami,FL,www.barry.edu,2,5,21,25.878865,-80.196136,17,12,0.4611,470,462,460,20,19,19,NULL,938,43885,28160,28160,0.6228,49700,43100,46500,44800,51500,0.3856,0.6144
Bethune-Cookman University,Daytona Beach,FL,www.cookman.edu,2,5,13,29.210193,-81.031429,21,13,0.6371,405,395,390,17,16,16,NULL,803,27130,14410,14410,0.6598,32400,24000,26800,27200,32000,0.4113,0.5887
Lynn University,Boca Raton,FL,www.lynn.edu,2,5,13,26.382777,-80.123851,18,11,0.7487,490,483,480,21,20,20,NULL,980,49535,35050,35050,0.694,45100,35500,38000,39100,39900,0.5317,0.4683
Carlos Albizu University-Miami,Miami,FL,www.albizu.edu,2,5,21,25.795162,-80.355002,26,6,0.3529,NULL,NULL,NULL,NULL,NULL,NULL,NULL,NULL,30878,12240,12240,0.5556,32100,30300,31100,32000,29700,0.2634,0.7366
Johnson University Florida,Kissimmee,FL,www.johnsonu.edu/florida,2,5,21,28.301869,-81.362512,24,8,0.3533,480,470,460,20,19,20,NULL,940,20568,14270,14270,0.3864,29900,25100,29000,28500,32700,0.4864,0.5136
University of Central Florida,Orlando,FL,www.ucf.edu/,1,5,21,28.60106,-81.198805,15,15,0.4961,590,595,560,26,NULL,NULL,NULL,1185,19752,6368,22467,0.875,48800,36600,40700,42800,46700,0.452,0.548
Clearwater Christian College,Clearwater,FL,www.clearwater.edu,2,5,12,27.963556,-82.697305,22,8,0.6192,495,485,NULL,21,20,20,NULL,974,28527,17865,17865,0.6,39700,27800,35100,38000,36700,0.5232,0.4768
Eckerd College,Saint Petersburg,FL,www.eckerd.edu,2,5,12,27.718996,-82.685992,21,11,0.7274,570,555,NULL,26,25,24,NULL,1153,51708,38668,38668,0.8093,49100,35700,39100,39000,42300,0.3797,0.6203
Edward Waters College,Jacksonville,FL,www.ewc.edu,2,5,11,30.34513,-81.684817,22,8,0.5295,420,405,400,17,15,17,NULL,825,23235,12525,12525,0.5026,28500,22600,24900,24200,27900,0.5383,0.4617
Embry-Riddle Aeronautical University-Daytona Beach,Daytona Beach,FL,www.erau.edu,2,5,13,29.189244,-81.0495,18,13,0.7306,NULL,NULL,NULL,NULL,NULL,NULL,NULL,NULL,46614,31948,31948,0.7922,65700,49700,54700,59300,61400,0.8151,0.1849
Florida Agricultural and Mechanical University,Tallahassee,FL,www.famu.edu,1,5,12,30.428554,-84.285644,16,13,0.4895,477,465,464,20,19,20,7,948,19395,5785,17725,0.8068,44000,31400,38500,38300,43500,0.3795,0.6205
Florida Atlantic University,Boca Raton,FL,www.fau.edu/,1,5,13,26.372536,-80.102293,16,15,0.6603,525,525,515,23,23,22,8,1058,19310,4831,17276,0.7511,46000,35700,39200,41200,45200,0.435,0.565
Flagler College-St Augustine,Saint Augustine,FL,www.flagler.edu,2,5,23,29.89335,-81.315256,22,10,0.4788,535,515,510,23,23,22,NULL,1058,29138,16180,16180,0.6874,38800,32500,33300,34900,38600,0.4012,0.5988
Florida College,Temple Terrace,FL,www.floridacollege.edu,2,5,21,28.034911,-82.383446,23,8,0.7659,530,525,504,23,22,21,7,1063,26750,15330,15330,0.6402,42600,28900,32500,35000,38500,0.4991,0.5009
Florida Institute of Technology,Melbourne,FL,www.fit.edu,2,5,13,28.064503,-80.624628,16,13,0.6157,560,595,NULL,27,26,26,NULL,1176,51312,37990,37990,0.7554,57700,43200,49500,50300,53500,0.7201,0.2799
Florida International University,Miami,FL,www.fiu.edu,1,5,21,25.757111,-80.377591,15,15,0.5278,545,535,535,24,23,24,8,1089,18784,6497,18895,0.8424,49200,37300,41700,43400,48000,0.4427,0.5573
Florida Memorial University,Miami Gardens,FL,www.fmuniv.edu,2,5,21,25.917854,-80.270672,22,10,0.2054,NULL,NULL,NULL,NULL,NULL,NULL,NULL,NULL,25090,14776,14776,0.6256,29400,22600,24900,24900,29900,0.3857,0.6143
Florida Southern College,Lakeland,FL,www.flsouthern.edu,2,5,13,28.031507,-81.945791,20,11,0.4481,570,560,540,26,24,26,NULL,1147,40347,29990,29990,0.8057,42200,33800,36200,36700,38800,0.3737,0.6263
Florida State University,Tallahassee,FL,www.fsu.edu,1,5,12,30.4421,-84.294801,15,15,0.5539,605,600,600,28,NULL,NULL,NULL,1228,21408,6507,21673,0.9226,50200,37400,41900,44700,48000,0.4513,0.5487
University of Florida,Gainesville,FL,www.ufl.edu/,1,5,12,29.649428,-82.339958,15,15,0.4561,625,640,625,29,29,28,9,1273,20085,6313,28591,0.9611,60300,46300,50700,54300,56600,0.4502,0.5498
Jacksonville University,Jacksonville,FL,www.jacksonville.edu,2,5,11,30.350349,-81.60706,18,10,0.5607,NULL,NULL,NULL,NULL,NULL,NULL,NULL,NULL,42630,31370,31370,0.7274,53100,42800,45900,49100,50200,0.3521,0.6479
Keiser University-Ft Lauderdale,Fort Lauderdale,FL,www.keiseruniversity.edu,2,5,12,26.185869,-80.163959,23,15,0.4868,NULL,NULL,NULL,NULL,NULL,NULL,NULL,NULL,27463,16936,16936,0.7544,33500,30500,31500,31500,32700,0.3016,0.6984
University of Miami,Coral Gables,FL,www.miami.edu/,2,5,21,25.720406,-80.27645,15,16,0.3818,645,675,640,30,31,30,9,1330,59850,44350,44350,0.9262,65100,51700,56300,60400,59500,0.4901,0.5099
University of North Florida,Jacksonville,FL,www.unf.edu,1,5,11,30.270917,-81.507853,18,15,0.6057,585,570,550,24,24,23,8,1133,20102,6385,20789,0.8284,46000,36200,39300,41500,44800,0.4499,0.5501
Northwood University-Florida,West Palm Beach,FL,www.northwood.edu,2,5,13,26.714688,-80.104138,29,7,0.3979,450,475,420,19,18,17,NULL,919,35049,23132,23132,0.6098,48300,43400,42600,46400,47500,0.5531,0.4469
Nova Southeastern University,Fort Lauderdale,FL,www.nova.edu,2,5,21,26.079337,-80.24248,16,15,0.4881,560,565,NULL,26,26,25,NULL,1143,42261,26700,26700,0.7427,55200,46300,49200,49800,55200,0.3093,0.6907
Palm Beach Atlantic University,West Palm Beach,FL,www.pba.edu,2,5,13,26.704629,-80.049758,18,13,0.9527,530,514,505,24,24,22,NULL,1071,38513,26274,26274,0.737,43600,36100,40400,41100,42100,0.3427,0.6573
Ringling College of Art and Design,Sarasota,FL,www.ringling.edu,2,5,13,27.35963,-82.548598,30,11,0.8522,NULL,NULL,NULL,NULL,NULL,NULL,NULL,NULL,55704,40040,40040,0.8327,43100,35100,34600,36600,42200,0.4038,0.5962
Rollins College,Winter Park,FL,www.rollins.edu,2,5,21,28.591992,-81.348716,18,11,0.5729,NULL,NULL,NULL,NULL,NULL,NULL,NULL,NULL,57686,43080,43080,0.8256,48800,36000,42200,44200,44900,0.4094,0.5906
Saint Leo University,Saint Leo,FL,www.saintleo.edu,2,5,23,28.336776,-82.257287,18,16,0.7216,NULL,NULL,NULL,NULL,NULL,NULL,NULL,NULL,33355,20420,20420,0.6823,48700,40300,45100,44500,48700,0.4142,0.5858
University of South Florida-Main Campus,Tampa,FL,www.usf.edu,1,5,11,28.056647,-82.415876,15,15,0.5316,575,585,555,26,26,25,8,1162,19306,6410,17324,0.8863,45200,35200,38600,40500,44300,0.4535,0.5465
St Thomas University,Miami Gardens,FL,www.stu.edu,2,5,21,25.920915,-80.256265,18,10,0.849,465,460,445,19,19,19,NULL,919,40271,27150,27150,0.7216,52600,45800,54000,52500,48600,0.4855,0.5145
Stetson University,DeLand,FL,www.stetson.edu,2,5,22,29.036295,-81.301604,19,14,0.6124,NULL,NULL,NULL,NULL,NULL,NULL,NULL,NULL,52355,40040,40040,0.7852,44700,36100,37800,40900,45900,0.4254,0.5746
Southeastern University,Lakeland,FL,www.seu.edu/,2,5,13,28.031864,-81.918997,19,14,0.4394,495,465,480,21,21,20,NULL,965,31855,22202,22202,0.6576,35200,28800,29900,31900,34100,0.4498,0.5502
The University of Tampa,Tampa,FL,www.ut.edu,2,5,11,27.947225,-82.465582,18,14,0.5188,535,540,530,25,24,24,8,1094,38635,26330,26330,0.7187,48600,37800,42300,44700,46100,0.435,0.565
Trinity Baptist College,Jacksonville,FL,www.tbc.edu,2,5,11,30.323755,-81.705655,24,8,0.6368,454,458,437,19,17,19,8,899,17757,10110,10110,0.4667,31500,26000,26200,27700,30100,0.6278,0.3722
Warner University,Lake Wales,FL,www.warner.edu,2,5,41,27.825751,-81.599972,22,10,0.26,429,425,NULL,18,NULL,NULL,NULL,863,29323,18966,18966,0.731,45800,34800,40800,37200,47200,0.5183,0.4817
Webber International University,Babson Park,FL,www.webber.edu,2,5,31,27.838798,-81.532325,22,8,0.5056,470,480,NULL,20,19,18,NULL,950,36402,24034,24034,0.5659,37400,29200,29100,31300,37400,0.6827,0.3173
The University of West Florida,Pensacola,FL,uwf.edu,1,5,13,30.542855,-87.218125,17,12,0.4167,520,505,495,24,23,22,7,1065,17697,6360,19241,0.7394,40200,30900,34600,36000,38800,0.4253,0.5747
Hodges University,Naples,FL,www.hodges.edu,2,5,21,26.277222,-81.741241,20,9,0.7429,NULL,NULL,NULL,NULL,NULL,NULL,NULL,NULL,23892,13220,13220,0.6,42400,32000,40500,39100,41900,0.3667,0.6333
Everglades University,Boca Raton,FL,www.EvergladesUniversity.edu,2,5,13,26.391218,-80.108331,22,9,0.8588,NULL,NULL,NULL,NULL,NULL,NULL,NULL,NULL,38384,16000,16000,0.7547,47500,40500,43300,45800,46600,0.4727,0.5273
Johnson & Wales University-North Miami,North Miami,FL,www.jwu.edu,2,5,21,25.894337,-80.164797,22,11,0.7004,NULL,NULL,NULL,NULL,NULL,NULL,NULL,NULL,40291,28539,28539,0.6949,38800,30700,33800,35400,37000,0.364,0.636
Embry-Riddle Aeronautical University-Worldwide,Daytona Beach,FL,www.erau.edu,2,5,13,29.18927,-81.04951,28,12,0.6876,NULL,NULL,NULL,NULL,NULL,NULL,NULL,NULL,21412,8040,8040,0.6618,65700,49700,54700,59300,61400,0.8845,0.1155
Florida Gulf Coast University,Fort Myers,FL,www.fgcu.edu,1,5,21,26.464262,-81.773578,18,16,0.5888,530,520,525,23,23,23,8,1059,17539,6118,25162,0.7819,45900,35700,37400,38600,42700,0.4428,0.5572
University of South Florida-St Petersburg,St. Petersburg,FL,www.usfsp.edu,1,5,12,27.762618,-82.635657,19,12,0.3534,590,570,565,26,26,25,8,1162,18325,5821,16735,0.6506,45200,35200,38600,40500,44300,0.3902,0.6098
University of South Florida-Sarasota-Manatee,Sarasota,FL,usfsm.edu/,1,5,21,27.391766,-82.562951,20,9,0.3393,570,550,540,24,24,24,7,1105,13925,5587,16501,0.75,45200,35200,38600,40500,44300,0.4024,0.5976