INSTNM,CITY,STABBR,INSTURL,CONTROL,REGION,LOCALE,LATITUDE,LONGITUDE,CCBASIC,CCSIZSET,ADM_RATE,SATVRMID,SATMTMID,SATWRMID,ACTCMMID,ACTENMID,ACTMTMID,ACTWRMID,SAT_AVG,COSTT4_A,TUITIONFEE_IN,TUITIONFEE_OUT,RET_FT4,MN_EARN_WNE_P10,MN_EARN_WNE_P6,MN_EARN_WNE_P7,MN_EARN_WNE_P8,MN_EARN_WNE_P9,UGDS_MEN,UGDS_WOMEN
Abraham Baldwin Agricultural College,Tifton,GA,www.abac.edu,1,5,32,31.481889,-83.528281,23,10,0.7726,465,460,NULL,20,19,19,NULL,927,11674,3394,9839,0.5946,35600,27700,31100,31100,34600,0.475,0.525
Agnes Scott College,Decatur,GA,www.agnesscott.edu,2,5,21,33.769996,-84.29563,21,8,0.6772,NULL,NULL,NULL,NULL,NULL,NULL,NULL,NULL,46124,35982,35982,0.8175,42400,26300,34200,39600,42100,0,1
Albany State University,Albany,GA,www.asurams.edu/,1,5,13,31.571395,-84.14306,19,13,0.4729,450,430,NULL,18,19,18,NULL,875,18488,5192,15196,0.687,35400,26300,29600,29300,33700,0.3275,0.6725
Armstrong State University,Savannah,GA,www.armstrong.edu,1,5,12,31.978109,-81.160409,18,12,0.6803,510,495,NULL,22,22,21,NULL,1006,19983,5266,15271,0.7002,41900,35600,37700,38900,41400,0.3311,0.6689
Point University,West Point,GA,point.edu,2,5,32,32.879715,-85.185134,22,11,0.5189,455,470,NULL,19,18,19,NULL,917,27053,17650,17650,0.4789,33400,25700,28800,28800,29800,0.4475,0.5525
Clark Atlanta University,Atlanta,GA,www.cau.edu,2,5,11,33.748772,-84.412818,16,14,0.8467,430,420,NULL,18,NULL,NULL,NULL,860,35471,21334,21334,0.6115,37700,25900,31000,31600,35100,0.2474,0.7526
Berry College,Mount Berry,GA,www.berry.edu,2,5,23,34.289254,-85.189077,20,11,0.6083,580,580,570,27,27,25,NULL,1183,43283,30530,30530,0.7902,42700,29600,34300,37200,41900,0.3884,0.6116
Brenau University,Gainesville,GA,www.brenau.edu,2,5,13,34.303117,-83.821513,18,9,0.7581,500,485,NULL,NULL,NULL,NULL,NULL,985,35745,24780,24780,0.6617,45500,36000,40200,40700,44700,0.0961,0.9039
College of Coastal Georgia,Brunswick,GA,www.ccga.edu,1,5,13,31.182741,-81.486086,23,9,0.9235,465,450,NULL,20,19,19,NULL,920,15817,4510,12566,0.6224,32900,26600,29000,30100,31300,0.3442,0.6558
Clayton  State University,Morrow,GA,www.clayton.edu,1,5,21,33.594079,-84.328174,19,12,0.4245,470,460,NULL,20,20,20,NULL,930,17292,5246,15251,0.6726,41700,33800,36200,37700,40700,0.3049,0.6951
Columbus State University,Columbus,GA,www.columbusstate.edu,1,5,12,32.501556,-84.940796,18,12,0.5522,495,485,480,21,21,20,8,976,17329,5613,15930,0.7178,38100,29700,31800,32800,38000,0.399,0.601
Covenant College,Lookout Mountain,GA,www.covenant.edu,2,5,21,34.963327,-85.37496,21,11,0.9664,600,565,590,26,28,25,7,1175,40235,30160,30160,0.8508,46200,33400,39200,41200,44600,0.4231,0.5769
Emmanuel College,Franklin Springs,GA,www.ec.edu,2,5,32,34.282617,-83.146825,22,8,0.4912,475,485,NULL,NULL,NULL,NULL,NULL,960,26177,18170,18170,0.6228,32900,24700,26100,30300,34200,0.5144,0.4856
Emory University,Atlanta,GA,www.emory.edu,2,5,21,33.798836,-84.325782,15,17,0.2682,670,700,690,31,30,31,9,1366,59908,45008,45008,0.9503,77700,58900,68600,71800,70100,0.4358,0.5642
Fort Valley State University,Fort Valley,GA,www.fvsu.edu,1,5,31,32.538163,-83.895548,20,11,0.2419,450,425,NULL,18,18,19,NULL,873,20479,6448,18954,0.565,31600,23600,25500,28000,30500,0.4116,0.5884
Georgia Institute of Technology,Atlanta,GA,www.gatech.edu,1,5,11,33.773732,-84.396019,15,17,0.3338,675,725,680,32,32,32,9,1400,23216,11394,30698,0.9603,80300,59900,64600,69300,73900,0.6608,0.3392
Georgia Southwestern State University,Americus,GA,https://gsw.edu/,1,5,32,32.058198,-84.217755,19,10,0.6964,490,480,NULL,21,20,20,NULL,970,18389,5158,15163,0.6963,38300,30600,32800,34300,39300,0.3644,0.6356
Georgia College and State University,Milledgeville,GA,WWW.GCSU.EDU,1,5,32,33.082787,-83.231962,18,13,0.7624,570,565,555,25,25,24,NULL,1132,23731,8960,27308,0.8516,41600,33200,36200,38400,40400,0.3916,0.6084
Georgia Southern University,Statesboro,GA,www.georgiasouthern.edu,1,5,32,32.427756,-81.782201,17,16,0.631,555,550,525,24,23,23,7,1099,21932,6170,16487,0.8055,43900,33700,36700,39000,41500,0.4991,0.5009
Georgia State University,Atlanta,GA,www.gsu.edu,1,5,11,33.7527,-84.38667,15,15,0.5944,535,535,NULL,22,23,22,NULL,1055,24377,8618,23186,0.8117,45900,35400,38400,40400,43900,0.4138,0.5862
University of Georgia,Athens,GA,www.uga.edu,1,5,12,33.956428,-83.374049,15,16,0.5572,615,620,615,28,29,27,8,1248,21981,10836,29046,0.9415,55200,41000,45800,48500,50800,0.4284,0.5716
Kennesaw State University,Kennesaw,GA,www.kennesaw.edu,1,5,21,34.03629,-84.58083,17,15,0.5345,545,535,NULL,23,23,23,NULL,1076,21945,5912,15630,0.7884,43800,35000,38700,40200,42600,0.4264,0.5736
LaGrange College,Lagrange,GA,www.lagrange.edu,2,5,32,33.039713,-85.041394,21,8,0.5525,520,520,504,22,22,21,NULL,1035,39472,26620,26620,0.6142,43200,32600,37700,38300,39700,0.4703,0.5297
Life University,Marietta,GA,www.life.edu,2,5,13,33.932104,-84.514156,26,9,0.571,NULL,NULL,NULL,NULL,NULL,NULL,NULL,NULL,27600,10500,10500,0.6438,45300,40000,42700,39800,43900,0.4987,0.5013
Mercer University,Macon,GA,www.mercer.edu,2,5,12,32.831709,-83.650114,17,14,0.6672,590,600,560,27,27,27,NULL,1205,47379,33780,33780,0.8014,56000,49100,52900,52200,55000,0.3909,0.6091
Morehouse College,Atlanta,GA,www.morehouse.edu,2,5,11,33.74793,-84.415156,21,11,0.8403,500,500,512,22,22,22,NULL,1004,46258,26090,26090,0.8302,47500,34300,38000,40600,45100,1,0
Oglethorpe University,Atlanta,GA,www.oglethorpe.edu,2,5,21,33.875939,-84.334756,21,11,0.7823,580,555,550,25,NULL,NULL,NULL,1139,45158,32500,32500,0.7102,50800,35400,37700,39400,44100,0.4182,0.5818
Paine College,Augusta,GA,www.paine.edu,2,5,12,33.469259,-81.991199,21,8,0.2181,385,375,NULL,16,14,16,NULL,760,22884,13332,13332,0.5556,29600,19200,23200,23000,29600,0.5006,0.4994
Piedmont College,Demorest,GA,www.piedmont.edu,2,5,32,34.56663,-83.543216,18,11,0.5755,480,475,NULL,21,NULL,NULL,NULL,968,32397,21350,21350,0.7328,41500,32800,37000,38400,40300,0.3429,0.6571
Reinhardt University,Waleska,GA,www.reinhardt.edu,2,5,41,34.318874,-84.554657,22,10,0.9002,500,493,NULL,20,20,19,NULL,975,32794,19196,19196,0.6327,38500,28900,35500,36100,37500,0.5247,0.4753
Savannah College of Art and Design,Savannah,GA,www.scad.edu,2,5,12,32.072966,-81.093905,30,13,0.6655,545,520,520,24,25,22,8,1081,50774,34295,34295,0.8207,39900,28900,31700,34600,37800,0.3486,0.6514
Savannah State University,Savannah,GA,www.savannahstate.edu/,1,5,12,32.024781,-81.063377,20,14,0.7763,425,420,NULL,18,17,17,NULL,847,15929,5556,15561,0.6677,32400,23800,28600,29900,34000,0.4385,0.5615
Shorter University,Rome,GA,www.shorter.edu,2,5,13,34.258192,-85.196213,22,10,0.6922,480,473,455,20,20,20,7,951,32664,20250,20250,0.6091,48500,37700,45200,45300,48000,0.4175,0.5825
Spelman College,Atlanta,GA,www.spelman.edu,2,5,11,33.74519,-84.410118,21,11,0.54,510,490,NULL,22,23,20,NULL,1005,42739,25496,25496,0.8889,49100,34000,41100,41800,48900,0,1
Southern Polytechnic State University,Marietta,GA,www.spsu.edu/,1,5,13,33.938992,-84.519276,18,13,0.7906,560,580,NULL,25,24,25,NULL,1134,17894,5839,17144,0.7462,56800,45900,46800,48900,50300,0.8173,0.1827
Thomas University,Thomasville,GA,www.thomasu.edu,2,5,32,30.813954,-83.981478,20,6,0.6027,NULL,NULL,NULL,NULL,NULL,NULL,NULL,NULL,25034,15750,15750,0.6571,38300,33000,34800,34200,38500,0.435,0.565
Toccoa Falls College,Toccoa Falls,GA,www.tfc.edu,2,5,41,34.59554,-83.353462,22,8,0.3705,490,470,NULL,21,20,20,NULL,970,31415,19700,19700,0.7117,28700,22700,25900,26300,28000,0.4758,0.5242
Truett-McConnell College,Cleveland,GA,www.truett.edu,2,5,41,34.594437,-83.745972,22,11,0.9633,492,480,470,21,21,20,NULL,971,27467,17400,17400,0.6738,35900,25900,27700,30400,33500,0.4568,0.5432
Valdosta State University,Valdosta,GA,www.valdosta.edu,1,5,13,30.849236,-83.289925,17,13,0.5414,515,500,490,22,22,21,NULL,1018,19838,6142,16459,0.6943,40200,30900,34200,35200,38600,0.4084,0.5916
University of West Georgia,Carrollton,GA,www.westga.edu,1,5,31,33.574421,-85.099007,17,16,0.4861,480,470,460,20,20,19,NULL,950,20310,5938,16258,0.7402,39900,32700,33100,35500,37900,0.3676,0.6324
Young Harris College,Young Harris,GA,www.yhc.edu,2,5,43,34.93316,-83.847765,21,11,0.5029,500,490,490,NULL,NULL,NULL,NULL,990,35833,26386,26386,0.6778,39300,26600,31500,35400,36200,0.4297,0.5703
ITT Technical Institute-Duluth,Duluth,GA,www.itt-tech.edu,3,5,21,34.042875,-84.176526,28,6,0.7953,NULL,NULL,NULL,NULL,NULL,NULL,NULL,NULL,27655,18048,18048,0.5,42800,33100,36700,38300,40000,0.7218,0.2782
Shorter University-College of Adult & Professional Programs,Marietta,GA,www.shorter.edu/CAPP/,2,5,13,33.92764,-84.482301,19,6,0.4444,NULL,NULL,NULL,NULL,NULL,NULL,NULL,NULL,31636,8160,8160,0.7,48500,37700,45200,45300,48000,0.2009,0.7991